CustomerID,Name,Country,JoinDate
1,virginia bartlett,France,2022-03-05 14:57:03.221382
2,john pope,France,2023-02-09 14:57:03.221419
3,essie miller,India,2023-02-07 14:57:03.221423
4,leroy morris,India,2022-06-02 14:57:03.221427
5,curtis aycock,Germany,2022-03-27 14:57:03.221430
6,justin mendoza,Spain,2022-05-24 14:57:03.221434
7,lee boutin,USA,2022-06-04 14:57:03.221437
8,john vasquez,Italy,
9,linda royal,Ireland,
10,steven morgan,Ireland,2022-08-24 14:57:03.221448
11,michael flores,Germany,2022-03-04 14:57:03.221452
12,nicholas carson,Italy,2022-10-21 14:57:03.221455
13,charles dickerson,France,2023-10-28 14:57:03.221458
14,frank beckley,Australia,2023-10-30 14:57:03.221461
15,matthew jensen,UAE,2022-05-05 14:57:03.221463
16,annie rudy,UK,2022-03-19 14:57:03.221466
17,kevin haggerty,Canada,2023-11-27 14:57:03.221469
18,matthew jensen,Canada,2022-06-07 14:57:03.221472
19,lisa aller,Italy,2022-05-30 14:57:03.221475
20,cindy seymour,UK,
21,evelyn nash,Australia,2022-07-31 14:57:03.221482
22,martha walker,Spain,
23,robert goode,UAE,2023-10-23 14:57:03.221488
24,michael flores,Ireland,2022-10-26 14:57:03.221491
25,eugene mooberry,Germany,2023-10-29 14:57:03.221494
26,donald james,Spain,2023-07-10 14:57:03.221497
27,linda reynolds,Germany,2022-11-09 14:57:03.221501
28,timothy briggs,Spain,2022-11-05 14:57:03.221504
29,milagros tu,Japan,2022-11-03 14:57:03.221507
30,johanna payne,India,2022-12-10 14:57:03.221510
31,agnes scurlock,Germany,2023-05-01 14:57:03.221513
32,joshua russell,Australia,2023-02-05 14:57:03.221517
33,walter craine,Spain,2022-08-16 14:57:03.221520
34,ramon brown,Italy,2023-08-21 14:57:03.221523
35,mary garza,Australia,2022-10-19 14:57:03.221527
36,mary shealy,Germany,
37,leroy natal,Japan,
38,jennifer bingham,USA,2023-01-28 14:57:03.221536
39,howard delarosa,UK,2023-10-26 14:57:03.221539
40,vesta long,Ireland,2022-12-29 14:57:03.221542
41,shonna ison,Japan,2022-01-23 14:57:03.221545
42,ana bennett,Canada,2023-01-13 14:57:03.221549
43,nathaniel breen,UAE,
44,guy guizar,India,
45,charles dickerson,Italy,2024-01-15 14:57:03.221561
46,essie miller,USA,2022-03-11 14:57:03.221564
47,donna hudson,UK,2023-04-03 14:57:03.221567
48,brian brumfield,Japan,2022-11-10 14:57:03.221569
49,jody clyatt,Ireland,2022-03-15 14:57:03.221573
50,maureen kirk,Italy,2023-12-27 14:57:03.221576
51,lenora mcgrath,UK,2022-08-14 14:57:03.221579
52,natalie owen,Ireland,2022-07-20 14:57:03.221581
53,nicholas chung,USA,2022-04-06 14:57:03.221584
54,burton evans,Australia,2023-05-14 14:57:03.221588
55,john vasquez,Spain,2022-05-01 14:57:03.221591
56,virginia hamilton,India,2022-10-01 14:57:03.221594
57,bobby sniezek,Japan,2023-07-16 14:57:03.221597
58,demetrius sosa,Australia,2023-04-15 14:57:03.221600
59,ashley lombard,Japan,2023-04-27 14:57:03.221603
60,johanna payne,Canada,2023-12-11 14:57:03.221606
61,richard skelton,Spain,2023-12-22 14:57:03.221609
62,david lawson,USA,2022-09-17 14:57:03.221612
63,erica mcmichael,Germany,2023-08-21 14:57:03.221615
64,mark trujillo,USA,2023-09-07 14:57:03.221618
65,kirk simms,Spain,2022-06-29 14:57:03.221621
66,essie miller,Australia,2023-04-28 14:57:03.221625
67,bobby overbey,Italy,
68,joanna ellingham,USA,2022-09-11 14:57:03.221630
69,hector cummings,Italy,
70,johanna payne,Japan,2022-09-25 14:57:03.221636
71,ronald morrissette,USA,2022-11-25 14:57:03.221638
72,cassandra johnson,USA,2022-10-20 14:57:03.221641
73,maxine montgomery,Japan,2022-11-06 14:57:03.221644
74,roseanne brede,Italy,2022-04-23 14:57:03.221648
75,dedra florence,France,2022-04-01 14:57:03.221651
76,hattie garwood,India,2022-10-14 14:57:03.221654
77,ronald cruz,Australia,2023-07-12 14:57:03.221656
78,karren wyatt,UAE,2023-01-04 14:57:03.221661
79,david thomas,Japan,2023-10-24 14:57:03.221664
80,cristina ramon,Ireland,2023-01-30 14:57:03.221667
81,hazel mosconi,Germany,2023-04-15 14:57:03.221670
82,william reynolds,UAE,2022-02-06 14:57:03.221673
83,rhonda leavell,Australia,2022-04-07 14:57:03.221676
84,sylvester quinter,India,2023-09-13 14:57:03.221680
85,benjamin kyser,UK,2023-01-26 14:57:03.221683
86,curtis aycock,France,2023-03-07 14:57:03.221686
87,sharon washington,Japan,2023-02-10 14:57:03.221689
88,larry felver,Australia,2022-12-23 14:57:03.221692
89,julia zurcher,USA,2022-03-15 14:57:03.221695
90,mark repinski,Spain,2023-11-27 14:57:03.221698
91,richard patton,India,2022-11-20 14:57:03.221701
92,kirk simms,France,2022-09-09 14:57:03.221704
93,clarence wininger,Italy,2022-03-16 14:57:03.221707
94,robert mattos,Spain,2023-10-24 14:57:03.221711
95,salvatore beede,Japan,2022-11-10 14:57:03.221715
96,lee boutin,UK,2023-11-22 14:57:03.221718
97,mark repinski,Ireland,2023-07-23 14:57:03.221721
98,julia freeman,Japan,2022-02-18 14:57:03.221724
99,sherry dempsey,Australia,2022-11-25 14:57:03.221727
100,viola beachler,Ireland,2022-07-19 14:57:03.221730
101,robert driscoll,UK,2022-09-22 14:57:03.221733
102,kristopher khan,USA,
103,wendell daley,Spain,2023-08-31 14:57:03.221741
104,jason crazier,Canada,2023-03-15 14:57:03.221744
105,cynthia rogers,India,
106,bradley marshall,India,2023-10-18 14:57:03.221751
107,robert goode,India,2023-04-04 14:57:03.221755
108,tyrone lanzilotta,Ireland,2023-06-18 14:57:03.221759
109,manuel harrod,Japan,2022-01-23 14:57:03.221763
110,shauna melton,Ireland,2022-12-16 14:57:03.221767
111,trisha bergstrom,Ireland,2023-08-13 14:57:03.221771
112,walter granfield,Ireland,
113,myra york,Canada,2022-03-23 14:57:03.221778
114,christopher roberts,Germany,2022-11-10 14:57:03.221781
115,eugene mooberry,UK,2022-12-03 14:57:03.221784
116,bruce gonzalez,Spain,2023-04-23 14:57:03.221787
117,fred soto,Japan,2023-05-09 14:57:03.221791
118,virginia hamilton,Australia,2023-03-29 14:57:03.221794
119,carl martinez,USA,2023-10-08 14:57:03.221797
120,stephen sotak,Japan,2022-07-12 14:57:03.221800
121,lynn steen,Japan,2022-10-19 14:57:03.221803
122,tina garcia,Canada,2023-04-15 14:57:03.221806
123,shauna melton,UAE,2023-02-11 14:57:03.221810
124,robert goss,Ireland,2023-08-01 14:57:03.221813
125,scot dardon,Italy,2022-10-20 14:57:03.221816
126,stephen miller,Japan,2022-10-11 14:57:03.221833
127,darla bennett,Italy,
128,berry colston,Italy,2022-09-30 14:57:03.221839
129,cynthia rogers,Germany,2022-05-07 14:57:03.221842
130,wade taylor,India,2022-03-03 14:57:03.221846
131,robert goss,UAE,2023-02-11 14:57:03.221850
132,hazel mosconi,UK,2022-09-18 14:57:03.221853
133,clarence lane,USA,2022-01-17 14:57:03.221856
134,cynthia griffen,Ireland,2023-02-08 14:57:03.221859
135,lucille broun,Spain,2022-06-30 14:57:03.221863
136,margaret tsutsumi,USA,
137,cassandra johnson,UAE,2022-06-11 14:57:03.221869
138,sylvester quinter,Canada,2022-08-13 14:57:03.221872
139,betty clevenger,Germany,2023-10-06 14:57:03.221875
140,timothy briggs,Italy,2023-11-15 14:57:03.221878
141,adela crow,UAE,2023-10-06 14:57:03.221882
142,michael seery,Canada,2022-06-09 14:57:03.221885
143,ella zwilling,Australia,2022-04-15 14:57:03.221889
144,marcia osborne,France,2023-02-15 14:57:03.221892
145,doris calhoun,Australia,2022-03-10 14:57:03.221896
146,su godwin,Japan,2023-10-31 14:57:03.221899
147,rhonda leavell,Spain,
148,nolan mckay,Ireland,2023-06-06 14:57:03.221907
149,salvatore beede,UAE,2023-04-06 14:57:03.221910
150,terri allison,Ireland,2023-10-13 14:57:03.221914
151,marie waters,Australia,
152,edward anderson,Spain,2023-01-09 14:57:03.221921
153,donald hodges,Ireland,2023-11-16 14:57:03.221925
154,luis vadala,USA,2022-04-01 14:57:03.221928
155,linda reynolds,Ireland,2023-02-06 14:57:03.221932
156,agnes scurlock,Australia,2022-01-25 14:57:03.221935
157,donald james,France,2023-06-13 14:57:03.221938
158,nicholas delapaz,Italy,2022-12-08 14:57:03.221941
159,mary sturgeon,USA,2023-09-28 14:57:03.221945
160,jesus ruiz,UAE,
161,matthew jensen,UAE,2023-04-12 14:57:03.221951
162,virginia bartlett,UAE,2022-09-15 14:57:03.221954
163,riley mele,USA,2022-01-27 14:57:03.221957
164,marie waters,Australia,2022-10-31 14:57:03.221961
165,amy mcmillan,Canada,2022-08-24 14:57:03.221964
166,donna hudson,Italy,2023-11-27 14:57:03.221967
167,debora moore,USA,2022-03-09 14:57:03.221970
168,emelina dohse,Australia,2023-08-25 14:57:03.221973
169,luis vadala,Canada,2022-03-21 14:57:03.221976
170,joseph borkowski,Ireland,
171,robert mattos,Japan,2023-03-31 14:57:03.221982
172,debora moore,Germany,2023-06-23 14:57:03.221986
173,sharon groth,Ireland,2022-07-24 14:57:03.221989
174,regenia garcia,India,2022-05-31 14:57:03.221993
175,shirley helton,Germany,2023-04-25 14:57:03.221996
176,mellissa sullivan,Italy,2022-03-30 14:57:03.221999
177,ramon brown,Italy,2023-04-17 14:57:03.222002
178,john pope,USA,2023-11-16 14:57:03.222005
179,wilma whiteford,UAE,2022-10-20 14:57:03.222008
180,lisa wilson,Italy,2023-02-13 14:57:03.222011
181,karren wyatt,UAE,2023-03-21 14:57:03.222014
182,shirley helton,UAE,2022-04-18 14:57:03.222017
183,myrna jernigan,Italy,2023-09-24 14:57:03.222020
184,maureen kirk,Japan,
185,frank cahn,UK,2023-06-28 14:57:03.222027
186,julie jones,Spain,2022-02-06 14:57:03.222030
187,donald lile,India,2024-01-12 14:57:03.222033
188,cindy seymour,Italy,2023-07-06 14:57:03.222036
189,lisa thompson,Italy,
190,emelina dohse,France,2022-10-09 14:57:03.222042
191,leonard cueto,UAE,2023-07-22 14:57:03.222045
192,virginia bartlett,France,2023-06-22 14:57:03.222049
193,sherry summers,Ireland,2023-04-29 14:57:03.222052
194,christopher toler,Spain,2024-01-09 14:57:03.222055
195,ronald cruz,USA,
196,tommy garza,USA,2022-06-16 14:57:03.222061
197,max corbett,India,
198,reba green,Ireland,2022-10-10 14:57:03.222067
199,thomas willis,USA,2023-06-11 14:57:03.222071
200,michael danielsen,France,2023-07-14 14:57:03.222074
201,lisa thompson,Italy,2023-08-29 14:57:03.222078
202,chris parrott,UAE,2022-08-23 14:57:03.222082
203,jill washington,Japan,2023-02-04 14:57:03.222086
204,paul vondielingen,Australia,2023-07-14 14:57:03.222089
205,johnnie morales,Germany,2023-07-20 14:57:03.222093
206,matthew jensen,Italy,2022-01-24 14:57:03.222096
207,jeffrey mckeown,USA,2022-07-14 14:57:03.222099
208,rosa wisdom,Italy,2023-05-07 14:57:03.222110
209,kristin guzman,UK,2023-10-05 14:57:03.222113
210,linda robinson,Canada,2023-11-14 14:57:03.222116
211,thomas collins,India,2022-12-14 14:57:03.222120
212,carolyn davis,USA,2022-02-12 14:57:03.222123
213,denise james,France,2022-12-07 14:57:03.222127
214,stephanie laramie,UK,2023-09-22 14:57:03.222130
215,norma alegre,UAE,2022-06-10 14:57:03.222133
216,leroy morris,Italy,2022-11-06 14:57:03.222137
217,thomas white,Canada,2022-08-02 14:57:03.222140
218,emma castillo,UAE,2023-01-06 14:57:03.222143
219,johnnie morales,India,2023-06-17 14:57:03.222146
220,michael seery,UAE,2023-06-28 14:57:03.222149
221,jacob crabtree,France,2023-12-22 14:57:03.222152
222,johnnie morales,Spain,2022-05-21 14:57:03.222156
223,virginia hamilton,UAE,
224,richard patton,Japan,2022-06-22 14:57:03.222163
225,heather truesdale,Italy,2023-03-09 14:57:03.222166
226,bonnie lazewski,UK,2022-12-03 14:57:03.222170
227,dorothy rather,UAE,2022-12-23 14:57:03.222173
228,demetrius sosa,Ireland,2023-04-09 14:57:03.222177
229,debra mcdonald,Ireland,2023-09-05 14:57:03.222181
230,ronald bouman,Italy,2022-05-22 14:57:03.222185
231,claude nelson,India,2023-08-02 14:57:03.222189
232,shirley helton,France,2022-07-17 14:57:03.222193
233,carolyn sweeney,Australia,2022-04-15 14:57:03.222196
234,richard skelton,Italy,2023-07-11 14:57:03.222200
235,dennis smith,Italy,2022-05-03 14:57:03.222204
236,naomi morgan,UAE,2023-06-25 14:57:03.222207
237,lissa biros,Australia,2022-08-30 14:57:03.222213
238,reta nelson,Australia,
239,anthony albert,France,
240,mary morgan,India,2023-10-09 14:57:03.222223
241,tracey downey,Ireland,2023-08-06 14:57:03.222227
242,jennifer bingham,UK,2022-08-30 14:57:03.222230
243,maureen kirk,France,2022-05-04 14:57:03.222234
244,alexander lincourt,France,2023-02-07 14:57:03.222238
245,viola beachler,Germany,2023-06-11 14:57:03.222241
246,jacob crabtree,UK,2023-08-16 14:57:03.222245
247,diane maicus,Germany,2023-07-30 14:57:03.222249
248,mackenzie hudson,UAE,2023-07-13 14:57:03.222252
249,janelle donnerberg,Germany,2023-05-19 14:57:03.222256
250,debra pierce,UK,2022-09-01 14:57:03.222260
251,mark repinski,India,2023-05-15 14:57:03.222264
252,ernest hosford,UAE,2023-03-20 14:57:03.222267
253,arturo bigham,India,2023-06-18 14:57:03.222270
254,celeste martel,Canada,2022-06-06 14:57:03.222274
255,warren ferreira,France,2023-06-04 14:57:03.222277
256,megan brown,Spain,
257,berry colston,Italy,2023-01-30 14:57:03.222284
258,norma yuan,Japan,2023-04-15 14:57:03.222287
259,eddie broadfoot,Ireland,2022-06-15 14:57:03.222290
260,cathy egger,UK,2023-04-01 14:57:03.222294
261,joshua russell,Italy,2022-12-01 14:57:03.222297
262,ethel corbett,India,2022-12-11 14:57:03.222300
263,tina garcia,Canada,2023-07-05 14:57:03.222303
264,martha roberts,UK,
265,gilbert larose,UAE,2023-07-25 14:57:03.222309
266,jason smith,UAE,2023-01-22 14:57:03.222313
267,teresa cordova,India,2023-02-10 14:57:03.222316
268,alishia edwards,Germany,2022-04-27 14:57:03.222320
269,eden smith,Germany,2024-01-04 14:57:03.222323
270,michelle smitherman,Ireland,2022-11-16 14:57:03.222327
271,wade taylor,Japan,2022-05-27 14:57:03.222331
272,john myklebust,France,2023-02-21 14:57:03.222335
273,mary sturgeon,Japan,2022-02-04 14:57:03.222338
274,sammy schauble,Germany,2023-04-09 14:57:03.222342
275,rhonda allison,Spain,2022-08-29 14:57:03.222345
276,lisa wooten,Germany,2023-10-09 14:57:03.222349
277,anthony shaw,India,2022-08-31 14:57:03.222352
278,ethel corbett,Spain,2023-01-27 14:57:03.222356
279,louis santana,Japan,2023-09-02 14:57:03.222359
280,hazel lark,UAE,2023-09-12 14:57:03.222362
281,cindy peterson,Japan,
282,karen leblanc,France,2023-07-08 14:57:03.222369
283,donna lumpkin,France,2023-10-22 14:57:03.222372
284,sylvester quinter,Germany,2022-12-16 14:57:03.222375
285,edith trujillo,India,2022-04-30 14:57:03.222378
286,michael jackson,UAE,2022-11-17 14:57:03.222381
287,karen ortega,France,2023-07-14 14:57:03.222384
288,ernesto morago,UK,2023-04-19 14:57:03.222387
289,sharon groth,Australia,2023-08-27 14:57:03.222390
290,john vasquez,Canada,2022-11-02 14:57:03.222402
291,joshua russell,UK,2022-08-24 14:57:03.222405
292,russell jones,Japan,2022-03-15 14:57:03.222408
293,gregory goodrich,India,2022-05-07 14:57:03.222411
294,rosa mulder,India,2023-10-07 14:57:03.222415
295,mary williams,UAE,2023-01-26 14:57:03.222418
296,thomas francis,Germany,2022-08-02 14:57:03.222421
297,reba green,Italy,2023-01-25 14:57:03.222424
298,brian brumfield,Australia,2022-08-03 14:57:03.222427
299,terri allison,France,2022-03-18 14:57:03.222430
300,justin campbell,Canada,2023-05-30 14:57:03.222434
301,howard delarosa,France,2022-07-22 14:57:03.222437
302,buster hullihen,Germany,2023-10-20 14:57:03.222440
303,burton evans,UAE,2023-03-06 14:57:03.222443
304,carol underwood,Spain,2023-01-09 14:57:03.222447
305,elana fox,Canada,2022-03-09 14:57:03.222450
306,virginia bartlett,Japan,2022-03-28 14:57:03.222453
307,marcell blassingame,Canada,2022-09-28 14:57:03.222456
308,lenore pavlosky,Ireland,2022-02-07 14:57:03.222459
309,patricia hasberry,Germany,2022-06-12 14:57:03.222463
310,jacob silva,Ireland,2022-05-28 14:57:03.222466
311,celeste martel,Australia,2024-01-01 14:57:03.222469
312,donna lumpkin,Spain,2022-03-29 14:57:03.222473
313,chris bolden,Canada,2023-09-06 14:57:03.222476
314,lula reed,India,
315,robert soileau,UK,2022-01-27 14:57:03.222482
316,scot dardon,Germany,2022-06-23 14:57:03.222486
317,hattie garwood,UK,2023-11-07 14:57:03.222489
318,robert goss,USA,
319,ramon james,Canada,2023-10-06 14:57:03.222495
320,lynn steen,Australia,2022-05-08 14:57:03.222499
321,jennifer bingham,Japan,2022-04-08 14:57:03.222502
322,ethel corbett,UK,2023-02-06 14:57:03.222506
323,amanda douglas,India,2022-08-25 14:57:03.222509
324,cathy egger,Ireland,2022-04-01 14:57:03.222513
325,barbara gray,Australia,2023-09-18 14:57:03.222517
326,chris bolden,Italy,
327,donna lumpkin,USA,2022-05-10 14:57:03.222523
328,michael seery,USA,2022-01-18 14:57:03.222526
329,vesta long,Australia,
330,brian keys,India,2023-08-31 14:57:03.222533
331,michelle strawn,Germany,
332,james matthews,Spain,2022-02-16 14:57:03.222540
333,sylvester quinter,Canada,2022-05-25 14:57:03.222543
334,ray larkey,UK,2023-05-23 14:57:03.222546
335,arturo bigham,Japan,2022-02-27 14:57:03.222550
336,john howard,Australia,2022-07-05 14:57:03.222553
337,doris calhoun,Spain,2022-08-26 14:57:03.222556
338,mellissa sullivan,Australia,2022-05-21 14:57:03.222559
339,matthew jensen,UK,2022-08-12 14:57:03.222563
340,christine wright,Australia,2022-05-23 14:57:03.222566
341,dorothy davies,Spain,2023-07-23 14:57:03.222569
342,stephen sotak,Australia,2023-03-27 14:57:03.222572
343,tony garza,Germany,2022-07-31 14:57:03.222575
344,gail mendoza,Italy,2023-02-15 14:57:03.222578
345,julie jones,Germany,2022-12-23 14:57:03.222581
346,christina marks,Canada,2022-02-19 14:57:03.222585
347,edward trimpe,UK,2023-03-06 14:57:03.222588
348,sebastian brune,India,2023-06-02 14:57:03.222591
349,annie rudy,India,2023-01-17 14:57:03.222594
350,george randolph,France,2022-09-15 14:57:03.222598
351,stephanie hoggard,Italy,2022-09-02 14:57:03.222601
352,brian hickman,Canada,
353,roberto michel,Ireland,2022-05-15 14:57:03.222607
354,angeline white,Australia,2022-04-22 14:57:03.222611
355,gerald dawson,France,
356,henry kim,Spain,
357,shonna ison,India,2022-02-12 14:57:03.222620
358,ronald cruz,UK,2022-10-25 14:57:03.222623
359,robert mire,UK,
360,rebekah mistrot,Germany,2023-01-29 14:57:03.222629
361,diane maicus,India,2023-08-21 14:57:03.222632
362,ruben baldwin,Spain,2023-08-20 14:57:03.222635
363,jason crazier,Ireland,2023-02-03 14:57:03.222638
364,thomas willis,UK,2022-10-27 14:57:03.222640
365,larry felver,India,2023-09-03 14:57:03.222643
366,janet parker,Australia,2024-01-03 14:57:03.222646
367,shonna ison,Italy,2023-02-18 14:57:03.222649
368,roberto michel,UK,2022-03-11 14:57:03.222652
369,tracey downey,Germany,2022-05-17 14:57:03.222655
370,brian cobbs,USA,2023-01-17 14:57:03.222658
371,sue oliveras,Canada,2022-08-14 14:57:03.222661
372,kelly weaver,Canada,2023-07-10 14:57:03.222664
373,robert goss,Canada,2023-09-07 14:57:03.222668
374,sonya roberts,Australia,2023-01-21 14:57:03.222670
375,denise godinez,USA,2022-03-21 14:57:03.222674
376,rhonda allison,Canada,
377,gary ford,Germany,2022-12-13 14:57:03.222680
378,victoria salas,Japan,2023-05-06 14:57:03.222682
379,michelle smitherman,France,
380,curtis aycock,Germany,2023-11-03 14:57:03.222688
381,michael seery,Ireland,2022-05-14 14:57:03.222691
382,victor walton,Germany,2022-12-30 14:57:03.222694
383,john pope,Japan,2023-08-19 14:57:03.222697
384,erik ratliff,Italy,2022-10-25 14:57:03.222700
385,william hogeland,Canada,2022-03-21 14:57:03.222703
386,leonard cueto,USA,2022-09-02 14:57:03.222706
387,lula reed,UK,2022-05-10 14:57:03.222709
388,ted kirkpatrick,Australia,2023-05-18 14:57:03.222712
389,thomas collins,India,2022-01-20 14:57:03.222715
390,patricia tartt,UK,2023-10-31 14:57:03.222718
391,karen ortega,Spain,2023-01-25 14:57:03.222722
392,james brickner,Germany,2023-11-20 14:57:03.222725
393,cindy seymour,Australia,2023-04-26 14:57:03.222728
394,traci mendoza,Ireland,2023-10-19 14:57:03.222731
395,thomas white,Canada,2022-03-01 14:57:03.222733
396,michelle strawn,Spain,2022-02-28 14:57:03.222736
397,carly marquardt,Germany,2022-09-09 14:57:03.222740
398,roy powell,USA,2022-10-07 14:57:03.222743
399,sue oliveras,UK,2023-07-15 14:57:03.222745
400,christopher pick,Spain,2022-10-31 14:57:03.222749
401,sylvester quinter,UAE,2023-02-07 14:57:03.222752
402,debra pierce,UK,2022-04-10 14:57:03.222756
403,evelyn nash,Ireland,2022-11-16 14:57:03.222759
404,kathryn burch,France,2022-06-20 14:57:03.222762
405,steven morgan,UAE,2022-10-23 14:57:03.222764
406,walter craine,USA,2022-06-23 14:57:03.222767
407,kathrine taylor,Canada,2023-11-20 14:57:03.222770
408,ashley lombard,Australia,2023-06-15 14:57:03.222773
409,myra york,Japan,2023-10-01 14:57:03.222776
410,michelle riddell,UK,2022-09-20 14:57:03.222780
411,cassandra johnson,Canada,2023-12-11 14:57:03.222782
412,eddie austin,India,2022-08-12 14:57:03.222786
413,karen navarro,Germany,2022-01-25 14:57:03.222790
414,ronald cruz,Ireland,2023-06-17 14:57:03.222792
415,dorothy davies,Germany,2023-10-11 14:57:03.222795
416,patricia schinke,Spain,2022-11-25 14:57:03.222798
417,kathryn burch,Australia,2023-08-10 14:57:03.222802
418,agnes scurlock,USA,2023-02-13 14:57:03.222805
419,walter granfield,France,2023-03-16 14:57:03.222807
420,traci mendoza,UK,2023-07-13 14:57:03.222810
421,paul carr,UAE,2023-02-20 14:57:03.222814
422,rhonda allison,Ireland,2022-07-22 14:57:03.222832
423,adela crow,Ireland,2023-11-15 14:57:03.222836
424,virginia bartlett,France,2023-06-04 14:57:03.222839
425,jamie fletcher,Italy,2022-05-26 14:57:03.222843
426,dawn steed,UK,
427,jacob silva,UAE,2023-03-18 14:57:03.222849
428,howard donofrio,Spain,
429,myra york,Japan,2023-08-31 14:57:03.222854
430,eileen garcia,Ireland,
431,blanca gilmour,Ireland,2023-06-23 14:57:03.222860
432,reina kirkman,UAE,2022-10-18 14:57:03.222864
433,angeline white,Japan,
434,maureen watson,Germany,2023-05-27 14:57:03.222870
435,william hogeland,Canada,2023-10-27 14:57:03.222873
436,lisa wooten,India,2023-03-30 14:57:03.222877
437,kevin haggerty,Canada,2022-08-05 14:57:03.222880
438,marcia osborne,Canada,2023-07-30 14:57:03.222883
439,regenia garcia,Japan,
440,theodore billington,France,2023-01-17 14:57:03.222889
441,sue oliveras,Canada,2022-02-25 14:57:03.222892
442,howard delarosa,Canada,2022-04-14 14:57:03.222895
443,salvatore beede,Italy,2022-08-15 14:57:03.222898
444,victoria salas,India,2022-08-06 14:57:03.222901
445,norma yuan,India,
446,donald hodges,Italy,2022-08-08 14:57:03.222908
447,rick nazario,France,2023-07-29 14:57:03.222912
448,everett tillman,France,2023-10-08 14:57:03.222916
449,teresa li,Germany,
450,jill washington,France,2022-11-26 14:57:03.222923
451,howard donofrio,UAE,2023-10-14 14:57:03.222926
452,donald james,France,2023-01-03 14:57:03.222929
453,manuel harrod,USA,2023-06-05 14:57:03.222932
454,julie cook,France,2023-10-15 14:57:03.222936
455,scott foreman,Germany,2022-07-18 14:57:03.222938
456,alice cavanaugh,UK,2022-03-25 14:57:03.222942
457,lisa wooten,Germany,2023-06-13 14:57:03.222945
458,edith trujillo,Canada,2023-06-01 14:57:03.222949
459,christopher toler,Germany,2022-11-24 14:57:03.222953
460,helen colbert,UAE,2023-11-12 14:57:03.222956
461,naomi morgan,Japan,2022-08-31 14:57:03.222959
462,frank cahn,Germany,2023-07-01 14:57:03.222962
463,gregory behanna,UAE,2022-02-21 14:57:03.222966
464,georgette ogden,France,2023-01-22 14:57:03.222969
465,joseph bailey,Germany,2022-10-28 14:57:03.222973
466,hattie garwood,Ireland,2022-12-12 14:57:03.222976
467,carole hutchins,India,2022-02-20 14:57:03.222979
468,michelle strawn,Ireland,2022-09-07 14:57:03.222983
469,danielle lynn,UAE,2023-03-31 14:57:03.222986
470,kristopher khan,UAE,2023-10-22 14:57:03.222989
471,natalie owen,Ireland,2023-02-28 14:57:03.222992
472,thomas farwell,Australia,2023-05-29 14:57:03.222995
473,max corbett,USA,2022-10-18 14:57:03.222998
474,robert soileau,Germany,2023-03-07 14:57:03.223001
475,david raabe,Germany,2022-06-07 14:57:03.223004
476,ramon brown,France,2022-10-27 14:57:03.223007
477,traci mendoza,Australia,2022-11-08 14:57:03.223010
478,edward anderson,Australia,2022-03-26 14:57:03.223013
479,ronald cruz,Italy,2022-11-29 14:57:03.223016
480,robert livesay,USA,2022-11-21 14:57:03.223019
481,megan brown,Spain,2022-05-11 14:57:03.223021
482,james matthews,Germany,2023-11-16 14:57:03.223025
483,gregory behanna,Germany,2023-07-18 14:57:03.223028
484,matthew jacquez,France,
485,everett tillman,Italy,2023-08-07 14:57:03.223035
486,mary duke,Italy,2022-09-15 14:57:03.223038
487,mary garza,Spain,2023-02-24 14:57:03.223041
488,jose humble,USA,2023-07-14 14:57:03.223044
489,mary muller,Ireland,2022-12-11 14:57:03.223047
490,buford eichorst,Japan,
491,barbara hopper,Canada,
492,jon elkins,India,2022-12-01 14:57:03.223055
493,norma yuan,UAE,2023-03-23 14:57:03.223059
494,edward trimpe,UAE,2023-09-21 14:57:03.223062
495,gearldine lebeouf,Ireland,2022-02-14 14:57:03.223066
496,steven morgan,Australia,2023-06-28 14:57:03.223068
497,ethel reuter,UAE,2024-01-06 14:57:03.223071
498,steve nemeth,France,2023-02-18 14:57:03.223074
499,raymond bennett,Spain,2023-11-21 14:57:03.223077
500,elizabeth huggins,Japan,2022-03-20 14:57:03.223080
